request_id,client_id,session_id,request_type,received_at,queued_at,started_at,completed_at,queue_wait_ms,processing_ms,queue_depth,result,thread_name,is_virtual
25995276-de1c-4553-9688-3ae87045f5cd,349fac6a-bb27-4030-8f13-11883bd1ebc8,3ee11831-ac9b-470f-b418-7e3bf5fb9ff7,CREATE_SESSION,2026-09-19T19:16:14.934412902Z,2026-09-19T19:16:14.934421945Z,2026-09-19T19:16:14.934985384Z,2026-09-19T19:16:14.935974549Z,0,0,1,SUCCESS,session-3ee11831-ac9b-470f-b418-7e3bf5fb9ff7,true
90b6233a-ff15-4c16-9d2d-01a816f9e20f,349fac6a-bb27-4030-8f13-11883bd1ebc8,3ee11831-ac9b-470f-b418-7e3bf5fb9ff7,START_GAME,2026-09-19T19:16:14.970296837Z,2026-09-19T19:16:14.970304188Z,2026-09-19T19:16:14.970460157Z,2026-09-19T19:16:14.970855619Z,0,0,1,SUCCESS,session-3ee11831-ac9b-470f-b418-7e3bf5fb9ff7,true
9dc13b77-727b-47ea-a2a6-ef9e75e6e46e,349fac6a-bb27-4030-8f13-11883bd1ebc8,3ee11831-ac9b-470f-b418-7e3bf5fb9ff7,PAUSE_GAME,2026-09-19T19:16:14.976508046Z,2026-09-19T19:16:14.976513965Z,2026-09-19T19:16:14.976560153Z,2026-09-19T19:16:14.976808358Z,0,0,1,SUCCESS,session-3ee11831-ac9b-470f-b418-7e3bf5fb9ff7,true
773569da-9dd9-4d71-a0f6-ca414f1d151e,1f60d3da-a02f-4ca8-81e3-e182b205a0cc,3ee11831-ac9b-470f-b418-7e3bf5fb9ff7,JOIN_SESSION,2026-09-19T19:16:15.011644697Z,2026-09-19T19:16:15.011650395Z,2026-09-19T19:16:15.011695987Z,2026-09-19T19:16:15.011948088Z,0,0,1,SUCCESS,session-3ee11831-ac9b-470f-b418-7e3bf5fb9ff7,true
d458624c-359d-4e31-8e1d-bb3f531562c4,5920e42e-fe80-4d35-ac31-5ce8197ce699,3ee11831-ac9b-470f-b418-7e3bf5fb9ff7,JOIN_SESSION,2026-09-19T19:16:15.012042202Z,2026-09-19T19:16:15.012050053Z,2026-09-19T19:16:15.012114724Z,2026-09-19T19:16:15.012313186Z,0,0,1,SUCCESS,session-3ee11831-ac9b-470f-b418-7e3bf5fb9ff7,true
3f72aee0-ded0-4016-9126-1852e022b8e4,1f60d3da-a02f-4ca8-81e3-e182b205a0cc,3ee11831-ac9b-470f-b418-7e3bf5fb9ff7,STEP_GAME,2026-09-19T19:16:15.019025131Z,2026-09-19T19:16:15.019028676Z,2026-09-19T19:16:15.019097818Z,2026-09-19T19:16:15.020490337Z,0,1,1,SUCCESS,session-3ee11831-ac9b-470f-b418-7e3bf5fb9ff7,true
403c637e-a6f5-41e2-9fd3-f199673c5adf,5920e42e-fe80-4d35-ac31-5ce8197ce699,3ee11831-ac9b-470f-b418-7e3bf5fb9ff7,STEP_GAME,2026-09-19T19:16:15.019072886Z,2026-09-19T19:16:15.019076522Z,2026-09-19T19:16:15.020650863Z,2026-09-19T19:16:15.020914651Z,1,0,2,SUCCESS,session-3ee11831-ac9b-470f-b418-7e3bf5fb9ff7,true
550199ea-5d82-46e0-b735-9211d14a2245,1f60d3da-a02f-4ca8-81e3-e182b205a0cc,3ee11831-ac9b-470f-b418-7e3bf5fb9ff7,STEP_GAME,2026-09-19T19:16:15.019431078Z,2026-09-19T19:16:15.019433552Z,2026-09-19T19:16:15.021026876Z,2026-09-19T19:16:15.025006702Z,1,3,2,SUCCESS,session-3ee11831-ac9b-470f-b418-7e3bf5fb9ff7,true
511cb2de-f238-48f3-98ae-76991ddae80d,1f60d3da-a02f-4ca8-81e3-e182b205a0cc,3ee11831-ac9b-470f-b418-7e3bf5fb9ff7,STEP_GAME,2026-09-19T19:16:15.019854020Z,2026-09-19T19:16:15.019856754Z,2026-09-19T19:16:15.025157494Z,2026-09-19T19:16:15.025912144Z,5,0,3,SUCCESS,session-3ee11831-ac9b-470f-b418-7e3bf5fb9ff7,true
b13be982-df93-421c-b1af-d5d8f0722b46,1f60d3da-a02f-4ca8-81e3-e182b205a0cc,3ee11831-ac9b-470f-b418-7e3bf5fb9ff7,STEP_GAME,2026-09-19T19:16:15.020068857Z,2026-09-19T19:16:15.020071811Z,2026-09-19T19:16:15.025992292Z,2026-09-19T19:16:15.026237162Z,5,0,4,SUCCESS,session-3ee11831-ac9b-470f-b418-7e3bf5fb9ff7,true
9ba26b3c-002e-4c29-8de3-ce4561fdd5aa,1f60d3da-a02f-4ca8-81e3-e182b205a0cc,3ee11831-ac9b-470f-b418-7e3bf5fb9ff7,STEP_GAME,2026-09-19T19:16:15.020262541Z,2026-09-19T19:16:15.020264905Z,2026-09-19T19:16:15.026328186Z,2026-09-19T19:16:15.026533789Z,6,0,5,SUCCESS,session-3ee11831-ac9b-470f-b418-7e3bf5fb9ff7,true
a4bd55c6-820a-497b-bc7e-aa3dfcd05840,1f60d3da-a02f-4ca8-81e3-e182b205a0cc,3ee11831-ac9b-470f-b418-7e3bf5fb9ff7,STEP_GAME,2026-09-19T19:16:15.020523405Z,2026-09-19T19:16:15.020526139Z,2026-09-19T19:16:15.026636670Z,2026-09-19T19:16:15.026930603Z,6,0,6,SUCCESS,session-3ee11831-ac9b-470f-b418-7e3bf5fb9ff7,true
d858a3ec-aec7-463c-a8c5-bc296069c10e,1f60d3da-a02f-4ca8-81e3-e182b205a0cc,3ee11831-ac9b-470f-b418-7e3bf5fb9ff7,STEP_GAME,2026-09-19T19:16:15.020713205Z,2026-09-19T19:16:15.020715298Z,2026-09-19T19:16:15.027017260Z,2026-09-19T19:16:15.028114795Z,6,1,6,SUCCESS,session-3ee11831-ac9b-470f-b418-7e3bf5fb9ff7,true
b8523647-f95e-45e1-8d83-abe4fc64141c,1f60d3da-a02f-4ca8-81e3-e182b205a0cc,3ee11831-ac9b-470f-b418-7e3bf5fb9ff7,STEP_GAME,2026-09-19T19:16:15.020958385Z,2026-09-19T19:16:15.020960538Z,2026-09-19T19:16:15.028231707Z,2026-09-19T19:16:15.028428206Z,7,0,7,SUCCESS,session-3ee11831-ac9b-470f-b418-7e3bf5fb9ff7,true
9defb1be-b312-48a2-b40c-c0b01200f77c,1f60d3da-a02f-4ca8-81e3-e182b205a0cc,3ee11831-ac9b-470f-b418-7e3bf5fb9ff7,STEP_GAME,2026-09-19T19:16:15.021156336Z,2026-09-19T19:16:15.021158269Z,2026-09-19T19:16:15.028494674Z,2026-09-19T19:16:15.028690071Z,7,0,7,SUCCESS,session-3ee11831-ac9b-470f-b418-7e3bf5fb9ff7,true
3558b17b-e21a-421f-9ff1-fbc41ce11a2c,5920e42e-fe80-4d35-ac31-5ce8197ce699,3ee11831-ac9b-470f-b418-7e3bf5fb9ff7,STEP_GAME,2026-09-19T19:16:15.021254922Z,2026-09-19T19:16:15.021261311Z,2026-09-19T19:16:15.028828615Z,2026-09-19T19:16:15.029138081Z,7,0,8,SUCCESS,session-3ee11831-ac9b-470f-b418-7e3bf5fb9ff7,true
16ff35e4-0265-493d-b7b4-b150a52f2586,1f60d3da-a02f-4ca8-81e3-e182b205a0cc,3ee11831-ac9b-470f-b418-7e3bf5fb9ff7,STEP_GAME,2026-09-19T19:16:15.021289903Z,2026-09-19T19:16:15.021291926Z,2026-09-19T19:16:15.029250186Z,2026-09-19T19:16:15.029609775Z,7,0,9,SUCCESS,session-3ee11831-ac9b-470f-b418-7e3bf5fb9ff7,true
b047441a-7444-4e4f-ba52-d7d78c0f2a07,1f60d3da-a02f-4ca8-81e3-e182b205a0cc,3ee11831-ac9b-470f-b418-7e3bf5fb9ff7,STEP_GAME,2026-09-19T19:16:15.021476978Z,2026-09-19T19:16:15.021479011Z,2026-09-19T19:16:15.029676603Z,2026-09-19T19:16:15.029911609Z,8,0,10,SUCCESS,session-3ee11831-ac9b-470f-b418-7e3bf5fb9ff7,true
364c4894-a959-4ddb-a80f-99a4a8d5710e,5920e42e-fe80-4d35-ac31-5ce8197ce699,3ee11831-ac9b-470f-b418-7e3bf5fb9ff7,STEP_GAME,2026-09-19T19:16:15.021521114Z,2026-09-19T19:16:15.021524839Z,2026-09-19T19:16:15.030018526Z,2026-09-19T19:16:15.030317696Z,8,0,11,SUCCESS,session-3ee11831-ac9b-470f-b418-7e3bf5fb9ff7,true
93f2105c-8573-41fd-ad95-b3359925c204,1f60d3da-a02f-4ca8-81e3-e182b205a0cc,3ee11831-ac9b-470f-b418-7e3bf5fb9ff7,STEP_GAME,2026-09-19T19:16:15.021677033Z,2026-09-19T19:16:15.021679716Z,2026-09-19T19:16:15.030405916Z,2026-09-19T19:16:15.030660240Z,8,0,12,SUCCESS,session-3ee11831-ac9b-470f-b418-7e3bf5fb9ff7,true
45370184-b72c-41f1-a77b-370278a155f7,5920e42e-fe80-4d35-ac31-5ce8197ce699,3ee11831-ac9b-470f-b418-7e3bf5fb9ff7,STEP_GAME,2026-09-19T19:16:15.021721308Z,2026-09-19T19:16:15.021724633Z,2026-09-19T19:16:15.030813275Z,2026-09-19T19:16:15.031216829Z,9,0,13,SUCCESS,session-3ee11831-ac9b-470f-b418-7e3bf5fb9ff7,true
6befe629-f62e-4f3f-95e7-46373927607e,1f60d3da-a02f-4ca8-81e3-e182b205a0cc,3ee11831-ac9b-470f-b418-7e3bf5fb9ff7,STEP_GAME,2026-09-19T19:16:15.021876366Z,2026-09-19T19:16:15.021879080Z,2026-09-19T19:16:15.031307913Z,2026-09-19T19:16:15.031485564Z,9,0,14,SUCCESS,session-3ee11831-ac9b-470f-b418-7e3bf5fb9ff7,true
36d73d31-15c1-4e11-9ead-6b2f95e650b2,5920e42e-fe80-4d35-ac31-5ce8197ce699,3ee11831-ac9b-470f-b418-7e3bf5fb9ff7,STEP_GAME,2026-09-19T19:16:15.021963935Z,2026-09-19T19:16:15.021966909Z,2026-09-19T19:16:15.031547105Z,2026-09-19T19:16:15.031779537Z,9,0,15,SUCCESS,session-3ee11831-ac9b-470f-b418-7e3bf5fb9ff7,true
26aa325d-a6e9-4a5f-91cc-a53e9318723f,1f60d3da-a02f-4ca8-81e3-e182b205a0cc,3ee11831-ac9b-470f-b418-7e3bf5fb9ff7,STEP_GAME,2026-09-19T19:16:15.022048569Z,2026-09-19T19:16:15.022050712Z,2026-09-19T19:16:15.031924600Z,2026-09-19T19:16:15.032159876Z,9,0,16,SUCCESS,session-3ee11831-ac9b-470f-b418-7e3bf5fb9ff7,true
f3c4c614-3ae0-4fea-9133-a2bf541b526e,5920e42e-fe80-4d35-ac31-5ce8197ce699,3ee11831-ac9b-470f-b418-7e3bf5fb9ff7,STEP_GAME,2026-09-19T19:16:15.022160504Z,2026-09-19T19:16:15.022163529Z,2026-09-19T19:16:15.032234286Z,2026-09-19T19:16:15.032606293Z,10,0,17,SUCCESS,session-3ee11831-ac9b-470f-b418-7e3bf5fb9ff7,true
53662529-6e5b-4fed-a550-eca3ad110d25,1f60d3da-a02f-4ca8-81e3-e182b205a0cc,3ee11831-ac9b-470f-b418-7e3bf5fb9ff7,STEP_GAME,2026-09-19T19:16:15.022205610Z,2026-09-19T19:16:15.022207593Z,2026-09-19T19:16:15.032711067Z,2026-09-19T19:16:15.034009638Z,10,1,18,SUCCESS,session-3ee11831-ac9b-470f-b418-7e3bf5fb9ff7,true
9cd3eae4-2ab8-40dc-b1a1-4da8db9158d2,1f60d3da-a02f-4ca8-81e3-e182b205a0cc,3ee11831-ac9b-470f-b418-7e3bf5fb9ff7,STEP_GAME,2026-09-19T19:16:15.022378164Z,2026-09-19T19:16:15.022379887Z,2026-09-19T19:16:15.034152959Z,2026-09-19T19:16:15.034383808Z,11,0,19,SUCCESS,session-3ee11831-ac9b-470f-b418-7e3bf5fb9ff7,true
7c8e8264-30f0-4f02-8e64-e5ddc6be3e30,5920e42e-fe80-4d35-ac31-5ce8197ce699,3ee11831-ac9b-470f-b418-7e3bf5fb9ff7,STEP_GAME,2026-09-19T19:16:15.022412475Z,2026-09-19T19:16:15.022415580Z,2026-09-19T19:16:15.034482654Z,2026-09-19T19:16:15.034676689Z,12,0,20,SUCCESS,session-3ee11831-ac9b-470f-b418-7e3bf5fb9ff7,true
23672e65-2f7d-4734-a42e-a61fca521291,1f60d3da-a02f-4ca8-81e3-e182b205a0cc,3ee11831-ac9b-470f-b418-7e3bf5fb9ff7,STEP_GAME,2026-09-19T19:16:15.022512181Z,2026-09-19T19:16:15.022514104Z,2026-09-19T19:16:15.034795023Z,2026-09-19T19:16:15.035349950Z,12,0,21,SUCCESS,session-3ee11831-ac9b-470f-b418-7e3bf5fb9ff7,true
ef5105e5-1445-43ee-9b56-be490b0f2fd6,1f60d3da-a02f-4ca8-81e3-e182b205a0cc,3ee11831-ac9b-470f-b418-7e3bf5fb9ff7,STEP_GAME,2026-09-19T19:16:15.022664005Z,2026-09-19T19:16:15.022665957Z,2026-09-19T19:16:15.035429287Z,2026-09-19T19:16:15.035798970Z,12,0,22,SUCCESS,session-3ee11831-ac9b-470f-b418-7e3bf5fb9ff7,true
7c97162e-dc2e-49ae-b229-042b35843223,5920e42e-fe80-4d35-ac31-5ce8197ce699,3ee11831-ac9b-470f-b418-7e3bf5fb9ff7,STEP_GAME,2026-09-19T19:16:15.022694880Z,2026-09-19T19:16:15.022697945Z,2026-09-19T19:16:15.035934910Z,2026-09-19T19:16:15.036230375Z,13,0,23,SUCCESS,session-3ee11831-ac9b-470f-b418-7e3bf5fb9ff7,true
aa20a84f-1867-471a-b655-ec0ac1331955,1f60d3da-a02f-4ca8-81e3-e182b205a0cc,3ee11831-ac9b-470f-b418-7e3bf5fb9ff7,STEP_GAME,2026-09-19T19:16:15.022809148Z,2026-09-19T19:16:15.022811141Z,2026-09-19T19:16:15.036318665Z,2026-09-19T19:16:15.036538268Z,13,0,24,SUCCESS,session-3ee11831-ac9b-470f-b418-7e3bf5fb9ff7,true
5fa32457-f606-41e2-b7f9-5ae4780cd42d,1f60d3da-a02f-4ca8-81e3-e182b205a0cc,3ee11831-ac9b-470f-b418-7e3bf5fb9ff7,STEP_GAME,2026-09-19T19:16:15.022968623Z,2026-09-19T19:16:15.022970736Z,2026-09-19T19:16:15.036600950Z,2026-09-19T19:16:15.038434078Z,13,1,25,SUCCESS,session-3ee11831-ac9b-470f-b418-7e3bf5fb9ff7,true
6f90dc35-642c-4c53-b512-d8d7ace3e698,5920e42e-fe80-4d35-ac31-5ce8197ce699,3ee11831-ac9b-470f-b418-7e3bf5fb9ff7,STEP_GAME,2026-09-19T19:16:15.022985668Z,2026-09-19T19:16:15.022988983Z,2026-09-19T19:16:15.038542878Z,2026-09-19T19:16:15.039244570Z,15,0,26,SUCCESS,session-3ee11831-ac9b-470f-b418-7e3bf5fb9ff7,true
917d19ea-3049-4a64-bd97-2e2bc307b329,5920e42e-fe80-4d35-ac31-5ce8197ce699,3ee11831-ac9b-470f-b418-7e3bf5fb9ff7,STEP_GAME,2026-09-19T19:16:15.023225581Z,2026-09-19T19:16:15.023228526Z,2026-09-19T19:16:15.039357647Z,2026-09-19T19:16:15.039661434Z,16,0,27,SUCCESS,session-3ee11831-ac9b-470f-b418-7e3bf5fb9ff7,true
3fabba4d-8d61-4ff2-8cf0-628b21a38285,5920e42e-fe80-4d35-ac31-5ce8197ce699,3ee11831-ac9b-470f-b418-7e3bf5fb9ff7,STEP_GAME,2026-09-19T19:16:15.023416332Z,2026-09-19T19:16:15.023418896Z,2026-09-19T19:16:15.039846165Z,2026-09-19T19:16:15.040089944Z,16,0,28,SUCCESS,session-3ee11831-ac9b-470f-b418-7e3bf5fb9ff7,true
6a51cb06-9df3-478f-b066-54efaea7692b,5920e42e-fe80-4d35-ac31-5ce8197ce699,3ee11831-ac9b-470f-b418-7e3bf5fb9ff7,STEP_GAME,2026-09-19T19:16:15.027917865Z,2026-09-19T19:16:15.027921901Z,2026-09-19T19:16:15.040212414Z,2026-09-19T19:16:15.040525615Z,12,0,24,SUCCESS,session-3ee11831-ac9b-470f-b418-7e3bf5fb9ff7,true
8a4e077b-8e5d-4f9b-9563-65d3b199bdb5,5920e42e-fe80-4d35-ac31-5ce8197ce699,3ee11831-ac9b-470f-b418-7e3bf5fb9ff7,STEP_GAME,2026-09-19T19:16:15.028112281Z,2026-09-19T19:16:15.028115316Z,2026-09-19T19:16:15.040613915Z,2026-09-19T19:16:15.040837514Z,12,0,25,SUCCESS,session-3ee11831-ac9b-470f-b418-7e3bf5fb9ff7,true
fa5dc3a5-c295-4c28-aca8-df3a791e62ec,5920e42e-fe80-4d35-ac31-5ce8197ce699,3ee11831-ac9b-470f-b418-7e3bf5fb9ff7,STEP_GAME,2026-09-19T19:16:15.028297834Z,2026-09-19T19:16:15.028301189Z,2026-09-19T19:16:15.040958111Z,2026-09-19T19:16:15.041158236Z,12,0,25,SUCCESS,session-3ee11831-ac9b-470f-b418-7e3bf5fb9ff7,true
3ecbe99a-05e9-4760-b371-49592cbe6753,5920e42e-fe80-4d35-ac31-5ce8197ce699,3ee11831-ac9b-470f-b418-7e3bf5fb9ff7,STEP_GAME,2026-09-19T19:16:15.028492070Z,2026-09-19T19:16:15.028495265Z,2026-09-19T19:16:15.041247367Z,2026-09-19T19:16:15.041495061Z,12,0,25,SUCCESS,session-3ee11831-ac9b-470f-b418-7e3bf5fb9ff7,true
4f538a50-541d-4d60-81c5-1b2daecb1c7d,5920e42e-fe80-4d35-ac31-5ce8197ce699,3ee11831-ac9b-470f-b418-7e3bf5fb9ff7,STEP_GAME,2026-09-19T19:16:15.028677894Z,2026-09-19T19:16:15.028680327Z,2026-09-19T19:16:15.041623971Z,2026-09-19T19:16:15.042003149Z,12,0,26,SUCCESS,session-3ee11831-ac9b-470f-b418-7e3bf5fb9ff7,true
25a82732-7c29-4be3-a725-58d8fa1e7bf4,5920e42e-fe80-4d35-ac31-5ce8197ce699,3ee11831-ac9b-470f-b418-7e3bf5fb9ff7,STEP_GAME,2026-09-19T19:16:15.028911277Z,2026-09-19T19:16:15.028914391Z,2026-09-19T19:16:15.042122334Z,2026-09-19T19:16:15.042296731Z,13,0,26,SUCCESS,session-3ee11831-ac9b-470f-b418-7e3bf5fb9ff7,true
b888c8aa-b4cc-49b1-939d-f12f0d7ed44a,5920e42e-fe80-4d35-ac31-5ce8197ce699,3ee11831-ac9b-470f-b418-7e3bf5fb9ff7,STEP_GAME,2026-09-19T19:16:15.029123099Z,2026-09-19T19:16:15.029125712Z,2026-09-19T19:16:15.042381205Z,2026-09-19T19:16:15.042654077Z,13,0,27,SUCCESS,session-3ee11831-ac9b-470f-b418-7e3bf5fb9ff7,true
18000803-4910-43fb-a28e-ac4607a274e3,5920e42e-fe80-4d35-ac31-5ce8197ce699,3ee11831-ac9b-470f-b418-7e3bf5fb9ff7,STEP_GAME,2026-09-19T19:16:15.029273069Z,2026-09-19T19:16:15.029275323Z,2026-09-19T19:16:15.042807012Z,2026-09-19T19:16:15.043005594Z,13,0,27,SUCCESS,session-3ee11831-ac9b-470f-b418-7e3bf5fb9ff7,true
79d6068e-fc95-4d2e-b5aa-cbabfa7240e4,5920e42e-fe80-4d35-ac31-5ce8197ce699,3ee11831-ac9b-470f-b418-7e3bf5fb9ff7,STEP_GAME,2026-09-19T19:16:15.029473184Z,2026-09-19T19:16:15.029475687Z,2026-09-19T19:16:15.043098070Z,2026-09-19T19:16:15.043410880Z,13,0,28,SUCCESS,session-3ee11831-ac9b-470f-b418-7e3bf5fb9ff7,true
